id;eleve;maison;potions;vol;usage;alpha
S01;Alice;Gryffondor;5.28;1.6;apprentissage;1
S02;Basile;Poufsouffle;16.32;74.4;apprentissage;1
S03;Camille;Serpentard;1.0057;29.8286;apprentissage;1
S04;Damien;Gryffondor;5.7714;12.8571;apprentissage;1
S05;Elsa;Serpentard;3.2571;32.2857;apprentissage;1
S06;Félix;Poufsouffle;15.12;84.4;test;1
S07;Gaspard;Gryffondor;6.5829;22.5143;apprentissage;1
S08;Hélène;Gryffondor;5.1886;36.3429;test;1
S09;Iris;Gryffondor;7.5143;31.5714;apprentissage;1
S10;Jonas;Poufsouffle;16.6;81;apprentissage;1
S11;Kenza;Serpentard;7;41;apprentissage;1
S12;Louis;Gryffondor;8.6457;39.6286;apprentissage;1
S13;Maya;Serpentard;8.6114;;apprentissage;1
S14;Noé;Poufsouffle;16.32;86.4;apprentissage;1
S15;Olga;Gryffondor;9.8171;47.4857;apprentissage;1
S16;Paul;Serpentard;10.1829;52.5143;test;1
S17;Quentin;Poufsouffle;18.2;81;apprentissage;1
S18;Rosa;Gryffondor;13.5086;42.7429;apprentissage;1
S19;Samuel;Serpentard;;70.9714;apprentissage;1
S20;Théa;Serpentard;14;54;apprentissage;1
S21;Ulysse;Poufsouffle;17.44;88.8;apprentissage;1
S22;Vera;Serpentard;11.4857;73.4286;apprentissage;1
S23;Wanda;Gryffondor;14.8114;63.6571;apprentissage;1
S24;Xavier;Serpentard;13.4171;77.4857;test;1
S25;Yann;Poufsouffle;15.48;88.6;apprentissage;1
S26;Zoé;Gryffondor;15.7429;72.7143;apprentissage;1
S27;Adrien;Serpentard;15.2286;82.1429;apprentissage;1
S28;Bérénice;Gryffondor;16.8743;80.7714;apprentissage;1
S29;Côme;Poufsouffle;17.8;85;test;1
S30;Diane;Serpentard;16.84;87.8;apprentissage;1
