feature,median,mu,sigma,Gryffindor,Hufflepuff,Ravenclaw,Slytherin
bias,,,,-3.541007771583288,-2.361346430454606,-2.5576926815427834,-3.7746072294259596
Astronomy,258.11303174460636,38.59994964247248,520.8444989144689,0.5022834896891415,2.4845058436010454,-1.3710458909162706,-2.0183141078015563
Herbology,3.4690121044769087,1.1890343765320528,5.174513981295924,-1.805403068620404,1.634479349059214,0.7392932182878305,-0.6989740485846949
Divination,4.624,3.189743124999998,4.109289085521999,1.2926602800982288,0.7146751485188256,0.09423178349193487,-1.3567403041536634
Muggle Studies,-419.16429373366526,-228.84622940124956,481.6839236277781,0.08269964924722283,-1.0344209295793834,0.8851869427197219,-0.4164257173280052
Ancient Runes,463.91830514671324,495.0516961391984,105.18574767022251,0.6043940222693943,-1.5059785668037284,1.3079130123052807,-0.7974365643818094
History of Magic,4.378175538816984,3.001124914941041,4.370491416185209,-0.26574576463412164,0.8813303746282799,0.04967920801570215,-0.24928135854530273
Transfiguration,1045.5069962908478,1030.4244099475864,43.69638036733967,-0.7263686315972115,0.5777487382084202,-0.11633045076903432,0.8087170080549716
Potions,5.874837348493016,5.948956699449716,3.1172270923556753,-0.03541946033963538,-0.3236732326815065,-0.16934724421613923,0.612306240271709
Charms,-244.86776500000002,-243.37440901250008,8.780894559533122,0.1275111694958154,-0.2892091836558219,1.2910134459530749,-0.8883845967585476
Flying,-2.5149999999999997,21.958012500000063,97.60108742375692,1.6124573095849584,-0.47565253297439414,-0.16761225762956541,-0.5855501964403677
